SemSearch_ES-135	spring shoes canada
SemSearch_ES-108	danielia cotton
SemSearch_ES-128	philadelphia neufchatel cheese
SemSearch_ES-36	imdb batman returns
SemSearch_ES-14	ben franklin
SemSearch_ES-98	University of Texas at Austin
SemSearch_ES-21	charles darwin
SemSearch_ES-118	iowa energy
SemSearch_ES-76	san antonio
SemSearch_ES-132	sealy mattress co
SemSearch_ES-90	university of phoenix
SemSearch_ES-89	university of north dakota
SemSearch_ES-95	MADRID
SemSearch_ES-88	thomas jefferson
SemSearch_ES-10	asheville north carolina
SemSearch_ES-42	john maxwell
SemSearch_ES-86	the morning call lehigh valley pa
SemSearch_ES-30	eloan line of credit
SemSearch_ES-111	eagle rock ca
SemSearch_ES-22	city of charlotte
SemSearch_ES-11	austin powers
SemSearch_ES-24	coastal carolina
SemSearch_ES-63	old winchester shotguns
SemSearch_ES-139	the big texan steak house
SemSearch_ES-94	Hugh Downs
SemSearch_ES-115	goodwill of michigan
SemSearch_ES-100	YMCA Tampa
SemSearch_ES-75	sagemont church houston tx
SemSearch_ES-15	bradley center
SemSearch_ES-71	richmond virginia
SemSearch_ES-97	PINK PANTHER 2
SemSearch_ES-123	michael zimmerman
SemSearch_ES-6	air wisconsin
SemSearch_ES-47	king arthur
SemSearch_ES-106	chase masterson
SemSearch_ES-107	concord steel
SemSearch_ES-81	south dakota state university
SemSearch_ES-125	nokia e73
SemSearch_ES-73	rowan university
SemSearch_ES-114	glenn frey
SemSearch_ES-57	martin luther king
SemSearch_ES-34	harry potter movie
SemSearch_ES-53	lynchburg virginia
SemSearch_ES-41	joan of arc
SemSearch_ES-127	palm tungsten e2 handheld
SemSearch_ES-31	emery
SemSearch_ES-60	michael douglas
SemSearch_ES-45	keith urban
SemSearch_ES-26	disney orlando
SemSearch_ES-33	harry potter
SemSearch_ES-3	Bookwork
SemSearch_ES-49	laura bush
SemSearch_ES-5	Scott County
SemSearch_ES-50	laura steele bob and tom
SemSearch_ES-120	lawrence general hospital
SemSearch_ES-78	sharp pc
SemSearch_ES-38	jack the ripper
SemSearch_ES-101	ashley wagner
SemSearch_ES-13	banana paper making
SemSearch_ES-85	the longest yard sale
SemSearch_ES-130	plymouth police department
SemSearch_ES-102	beach flowers
SemSearch_ES-109	david hewlett
SemSearch_ES-74	sacred heart u
SemSearch_ES-124	motorola bluetooth hs850
SemSearch_ES-141	ventura county court
SemSearch_ES-58	mason ohio
SemSearch_ES-77	savannah tech
SemSearch_ES-39	james caldwell high school
SemSearch_ES-99	University of York
SemSearch_ES-119	john elliott
SemSearch_ES-84	the dish danielle fishel
SemSearch_ES-82	st lucia
SemSearch_ES-19	carl lewis
SemSearch_ES-25	david suchet
SemSearch_ES-56	mario bros
SemSearch_ES-70	radio italia online
SemSearch_ES-96	New England Coffee
SemSearch_ES-83	st paul saints
SemSearch_ES-67	ovguide movies
SemSearch_ES-61	mr rourke fantasy island
SemSearch_ES-131	scpa san diego
SemSearch_ES-136	sri lanka government gazette
SemSearch_ES-129	pizza populous detroit mi
SemSearch_ES-54	marc anthony
SemSearch_ES-17	butte montana
SemSearch_ES-2	B F Skinner
SemSearch_ES-91	westminster abbey
SemSearch_ES-40	james clayton md
SemSearch_ES-104	bourbonnais il
SemSearch_ES-59	mercy hospital in des moines ia
